utc_epoch_time,Early-BirdTickets,RegularTickets,CamperTicket,Harbourover12m,Harbourunder12m
1642192118.212401,512,336,89,1,5
1642192142.44714,512,336,89,1,5
1642192275.345831,512,336,89,1,5
1642192936.7409768,512,336,89,1,5
1642194947.5192518,512,337,89,1,5
1642196387.357257,512,337,89,1,5
1642198675.0035121,512,337,89,1,5
