utc_epoch_time,Early-BirdTickets,RegularTickets,CamperTicket,Harbourover12m,Harbourunder12m
1642181306.512376,512,848,89.0,1.0,5.0
1642182206.739079,512,848,89.0,1.0,5.0
1642188954.253502,512,848,89.0,1.0,5.0
1642190786.567483,512,848,89.0,1.0,5.0
