utc_epoch_time,Early-BirdTickets,RegularTickets,CamperTicket,Harbourover12m,Harbourunder12m
1642192118.212401,512,336,89,1,5
1642192142.44714,512,336,89,1,5
1642192275.3458307,512,336,89,1,5
